INSERT INTO FN72082.DELIVERS (S_NAME, P_NAME) VALUES ('SUPPLIER1           ', 'AZAX                ');
INSERT INTO FN72082.DELIVERS (S_NAME, P_NAME) VALUES ('SUPPLIER1           ', 'PARACETAMOL         ');
INSERT INTO FN72082.DELIVERS (S_NAME, P_NAME) VALUES ('SUPPLIER2           ', 'KLACID              ');
INSERT INTO FN72082.DELIVERS (S_NAME, P_NAME) VALUES ('SUPPLIER2           ', 'ZINAT               ');
INSERT INTO FN72082.DELIVERS (S_NAME, P_NAME) VALUES ('SUPPLIER3           ', 'GENTAMICIN          ');
INSERT INTO FN72082.DELIVERS (S_NAME, P_NAME) VALUES ('SUPPLIER3           ', 'VITAMIX             ');

INSERT INTO FN72082.MANAGERS (PHONE, NAME, CITY) VALUES ('0877461846   ', 'VESO                                              ', 'VIDIN                                             ');
INSERT INTO FN72082.MANAGERS (PHONE, NAME, CITY) VALUES ('0877461847   ', 'PETAR                                             ', 'PLOVDIV                                           ');
INSERT INTO FN72082.MANAGERS (PHONE, NAME, CITY) VALUES ('0896353201   ', 'VLADIMIR                                          ', 'SOFIA                                             ');
INSERT INTO FN72082.MANAGERS (PHONE, NAME, CITY) VALUES ('0883061348   ', 'IVANA                                             ', 'VARNA                                             ');

INSERT INTO FN72082.MEDICINE (NAME, FORM, PRESCRIPTION) VALUES ('PARACETAMOL         ', 'T', 'FALSE');
INSERT INTO FN72082.MEDICINE (NAME, FORM, PRESCRIPTION) VALUES ('AZAX                ', 'T', 'TRUE ');
INSERT INTO FN72082.MEDICINE (NAME, FORM, PRESCRIPTION) VALUES ('ZINAT               ', 'T', 'TRUE ');
INSERT INTO FN72082.MEDICINE (NAME, FORM, PRESCRIPTION) VALUES ('KLACID              ', 'T', 'TRUE ');

INSERT INTO FN72082.NONMEDICINE (NAME, TYPE) VALUES ('GENTAMICIN          ', 'LOTION');
INSERT INTO FN72082.NONMEDICINE (NAME, TYPE) VALUES ('VITAMIX             ', 'SUPPLEMENT');

INSERT INTO FN72082.PHARMACIES (NAME, ADDRESS, M_NAME, CITY) VALUES ('MAPLE_STR           ', 'MAPLE STREET', 'VESO                                              ', 'VIDIN                                             ');
INSERT INTO FN72082.PHARMACIES (NAME, ADDRESS, M_NAME, CITY) VALUES ('PAPER_STR           ', 'PAPER STREET', 'IVANA                                             ', 'VARNA                                             ');
INSERT INTO FN72082.PHARMACIES (NAME, ADDRESS, M_NAME, CITY) VALUES ('JAMES_STR           ', 'JAMES STREET', 'VLADIMIR                                          ', 'SOFIA                                             ');
INSERT INTO FN72082.PHARMACIES (NAME, ADDRESS, M_NAME, CITY) VALUES ('CORNER_STR          ', 'CORNER STREET', 'PETAR                                             ', 'PLOVDIV                                           ');

INSERT INTO FN72082.PRODUCTS (PRICE, NAME, FIRM) VALUES (5.99, 'PARACETAMOL         ', 'SOPHARMA');
INSERT INTO FN72082.PRODUCTS (PRICE, NAME, FIRM) VALUES (6.99, 'GENTAMICIN          ', 'ACTAVIS');
INSERT INTO FN72082.PRODUCTS (PRICE, NAME, FIRM) VALUES (10.99, 'AZAX                ', 'NOBEL');
INSERT INTO FN72082.PRODUCTS (PRICE, NAME, FIRM) VALUES (7.91, 'VITAMIX             ', 'FORTEX');
INSERT INTO FN72082.PRODUCTS (PRICE, NAME, FIRM) VALUES (20, 'ZINAT               ', 'SOPHARMA');
INSERT INTO FN72082.PRODUCTS (PRICE, NAME, FIRM) VALUES (10, 'KLACID              ', 'MYLAN');

INSERT INTO FN72082.SELLER (NAME, PHONE, SNUM, P_NAME) VALUES ('IVAN', '0885369361   ', 1, 'MAPLE_STR           ');
INSERT INTO FN72082.SELLER (NAME, PHONE, SNUM, P_NAME) VALUES ('KRISTIAN', '0877336840   ', 2, 'MAPLE_STR           ');
INSERT INTO FN72082.SELLER (NAME, PHONE, SNUM, P_NAME) VALUES ('ALEXANDRA', '0883022799   ', 3, 'MAPLE_STR           ');
INSERT INTO FN72082.SELLER (NAME, PHONE, SNUM, P_NAME) VALUES ('PLAMENA', '0886030101   ', 4, 'PAPER_STR           ');
INSERT INTO FN72082.SELLER (NAME, PHONE, SNUM, P_NAME) VALUES ('ATANAS', '0894680100   ', 5, 'PAPER_STR           ');
INSERT INTO FN72082.SELLER (NAME, PHONE, SNUM, P_NAME) VALUES ('NIKOL', '0884363861   ', 6, 'JAMES_STR           ');

INSERT INTO FN72082.SELLS (QUANTITY, PH_NAME, PR_NAME) VALUES (16000, 'CORNER_STR          ', 'KLACID              ');
INSERT INTO FN72082.SELLS (QUANTITY, PH_NAME, PR_NAME) VALUES (1000, 'JAMES_STR           ', 'VITAMIX             ');
INSERT INTO FN72082.SELLS (QUANTITY, PH_NAME, PR_NAME) VALUES (12000, 'JAMES_STR           ', 'ZINAT               ');
INSERT INTO FN72082.SELLS (QUANTITY, PH_NAME, PR_NAME) VALUES (3000, 'MAPLE_STR           ', 'AZAX                ');
INSERT INTO FN72082.SELLS (QUANTITY, PH_NAME, PR_NAME) VALUES (10000, 'MAPLE_STR           ', 'PARACETAMOL         ');
INSERT INTO FN72082.SELLS (QUANTITY, PH_NAME, PR_NAME) VALUES (60000, 'PAPER_STR           ', 'GENTAMICIN          ');

INSERT INTO FN72082.SUPPLIERS (NAME, CITY) VALUES ('SUPPLIER1           ', 'VARNA');
INSERT INTO FN72082.SUPPLIERS (NAME, CITY) VALUES ('SUPPLIER2           ', 'RUSE');
INSERT INTO FN72082.SUPPLIERS (NAME, CITY) VALUES ('SUPPLIER3           ', 'VIDIN');

INSERT INTO FN72082.SUPPLIES (S_NAME, P_NAME) VALUES ('SUPPLIER1           ', 'MAPLE_STR           ');
INSERT INTO FN72082.SUPPLIES (S_NAME, P_NAME) VALUES ('SUPPLIER2           ', 'JAMES_STR           ');
INSERT INTO FN72082.SUPPLIES (S_NAME, P_NAME) VALUES ('SUPPLIER2           ', 'PAPER_STR           ');
INSERT INTO FN72082.SUPPLIES (S_NAME, P_NAME) VALUES ('SUPPLIER3           ', 'CORNER_STR          ');